{"cameraMode":{"drawMode":0,"name":"Shaded","section":"Shading Mode"},"sceneLighting":true,"audioPlay":false,"sceneViewState":{"showFog":true,"showMaterialUpdate":false,"showSkybox":true,"showFlares":true,"showImageEffects":true,"showParticleSystems":true},"in2DMode":false,"pivot":{"x":0.6249784231185913,"y":-0.8200120329856873,"z":-3.9031875133514406},"rotation":{"x":0.34927523136138918,"y":0.04944755882024765,"z":-0.01847534067928791,"w":0.9355627298355103},"size":353.2056884765625,"orthographic":false}