{"cameraMode":{"drawMode":0,"name":"Shaded","section":"Shading Mode"},"sceneLighting":false,"audioPlay":false,"sceneViewState":{"showFog":true,"showMaterialUpdate":false,"showSkybox":false,"showFlares":true,"showImageEffects":true,"showParticleSystems":true},"in2DMode":false,"pivot":{"x":0.0,"y":0.8500000238418579,"z":0.3999999761581421},"rotation":{"x":0.09993452578783035,"y":-0.8049077391624451,"z":0.14174239337444306,"w":0.5674999952316284},"size":3.935864210128784,"orthographic":false}