{"cameraMode":{"drawMode":0,"name":"Shaded","section":"Shading Mode"},"sceneLighting":true,"audioPlay":false,"sceneViewState":{"showFog":true,"showMaterialUpdate":false,"showSkybox":true,"showFlares":true,"showImageEffects":true,"showParticleSystems":true},"in2DMode":false,"pivot":{"x":121.38951110839844,"y":61.673309326171878,"z":78.65277099609375},"rotation":{"x":0.08776088058948517,"y":0.9088391661643982,"z":-0.24420510232448579,"w":0.32661160826683047},"size":513.5543823242188,"orthographic":false}