{"cameraMode":{"drawMode":0,"name":"Shaded","section":"Shading Mode"},"sceneLighting":false,"audioPlay":false,"sceneViewState":{"showFog":true,"showMaterialUpdate":false,"showSkybox":false,"showFlares":true,"showImageEffects":true,"showParticleSystems":true},"in2DMode":false,"pivot":{"x":-27.89772605895996,"y":9.03616714477539,"z":-2.4883193969726564},"rotation":{"x":0.41147828102111819,"y":0.05218053609132767,"z":-0.023622563108801843,"w":0.9096429347991943},"size":49.40176010131836,"orthographic":false}